<?xml version="1.0" encoding="UTF-8"?>
<beans xmlns="http://www.springframework.org/schema/beans"
       xmlns:xsi="http://www.w3.org/2001/XMLSchema-instance"
       xmlns:context="http://www.springframework.org/schema/context"
       xmlns:mvc="http://www.springframework.org/schema/mvc"
       xmlns:tx="http://www.springframework.org/schema/tx" 
       xsi:schemaLocation="http://www.springframework.org/schema/beans http://www.springframework.org/schema/beans/spring-beans.xsd
       http://www.springframework.org/schema/context http://www.springframework.org/schema/context/spring-context.xsd
       http://www.springframework.org/schema/mvc http://www.springframework.org/schema/mvc/spring-mvc.xsd
       http://www.springframework.org/schema/tx
       http://www.springframework.org/schema/tx/spring-tx.xsd
        ">

    <mvc:annotation-driven />
    <context:component-scan base-package="com.metacube.shoppingcart" />

    <alias name="hibernateProductDao" alias="productDao" />
    <alias name="hibernateUserDao" alias="userDao" />
    <alias name="hibernateCartDao" alias="cartDao" />
    <alias name="hibernateOrderDao" alias="orderDao" />
     <alias name="hibernateOrderProductDao" alias="orderProductDao" />

    <context:property-placeholder location="classpath:dbconfig.properties" />

    <tx:annotation-driven transaction-manager="transactionManager"/>

    <bean id="dataSource" class="org.springframework.jdbc.datasource.DriverManagerDataSource">
        <property name="driverClassName" value="${jdbc.driverClassName}" />
        <property name="url" value="${jdbc.url}"/>
        <property name="username" value="${jdbc.username}" />
        <property name="password" value="${jdbc.password}"/>

    </bean>

    <bean id="sessionFactory" class="org.springframework.orm.hibernate4.LocalSessionFactoryBean" >
        <property name="dataSource" ref="dataSource"/>
        <property name="packagesToScan">
            <list>
                <value>com.metacube.shoppingcart.modal</value>
            </list>
        </property>
        <property name="hibernateProperties">
            <props>
                <prop key="hibernate.dialect">${hibernate.dialect}</prop>
                <prop key="hibernate.show_sql">${hibernate.show_sql:false}</prop>
                <prop key="hibernate.format_sql">${hibernate.format_sql:false}</prop>
            </props>
        </property>
    </bean>

    <bean id="transactionManager"  class="org.springframework.orm.hibernate4.HibernateTransactionManager">
        <property name="sessionFactory" ref="sessionFactory" />
    </bean>


    <mvc:default-servlet-handler />

</beans>